symbol,date,calendarYear,period,revenueGrowth,grossProfitGrowth,ebitgrowth,operatingIncomeGrowth,netIncomeGrowth,epsgrowth,epsdilutedGrowth,weightedAverageSharesGrowth,weightedAverageSharesDilutedGrowth,dividendsperShareGrowth,operatingCashFlowGrowth,freeCashFlowGrowth,tenYRevenueGrowthPerShare,fiveYRevenueGrowthPerShare,threeYRevenueGrowthPerShare,tenYOperatingCFGrowthPerShare,fiveYOperatingCFGrowthPerShare,threeYOperatingCFGrowthPerShare,tenYNetIncomeGrowthPerShare,fiveYNetIncomeGrowthPerShare,threeYNetIncomeGrowthPerShare,tenYShareholdersEquityGrowthPerShare,fiveYShareholdersEquityGrowthPerShare,threeYShareholdersEquityGrowthPerShare,tenYDividendperShareGrowthPerShare,fiveYDividendperShareGrowthPerShare,threeYDividendperShareGrowthPerShare,receivablesGrowth,inventoryGrowth,assetGrowth,bookValueperShareGrowth,debtGrowth,rdexpenseGrowth,sgaexpensesGrowth,currentRatio,quickRatio,cashRatio,daysOfSalesOutstanding,daysOfInventoryOutstanding,operatingCycle,daysOfPayablesOutstanding,cashConversionCycle,grossProfitMargin,operatingProfitMargin,pretaxProfitMargin,netProfitMargin,effectiveTaxRate,returnOnAssets,returnOnEquity,returnOnCapitalEmployed,netIncomePerEBT,ebtPerEbit,ebitPerRevenue,debtRatio,debtEquityRatio,longTermDebtToCapitalization,totalDebtToCapitalization,interestCoverage,cashFlowToDebtRatio,companyEquityMultiplier,receivablesTurnover,payablesTurnover,inventoryTurnover,fixedAssetTurnover,assetTurnover,operatingCashFlowPerShare,freeCashFlowPerShare,cashPerShare,payoutRatio,operatingCashFlowSalesRatio,freeCashFlowOperatingCashFlowRatio,cashFlowCoverageRatios,shortTermCoverageRatios,capitalExpenditureCoverageRatio,dividendPaidAndCapexCoverageRatio,dividendPayoutRatio,priceBookValueRatio,priceToBookRatio,priceToSalesRatio,priceEarningsRatio,priceToFreeCashFlowsRatio,priceToOperatingCashFlowsRatio,priceCashFlowRatio,priceEarningsToGrowthRatio,priceSalesRatio,dividendYield,enterpriseValueMultiple,priceFairValue,growthNetIncome_x,growthDepreciationAndAmortization_x,growthDeferredIncomeTax,growthStockBasedCompensation,growthChangeInWorkingCapital,growthAccountsReceivables,growthInventory_x,growthAccountsPayables,growthOtherWorkingCapital,growthOtherNonCashItems,growthNetCashProvidedByOperatingActivites,growthInvestmentsInPropertyPlantAndEquipment,growthAcquisitionsNet,growthPurchasesOfInvestments,growthSalesMaturitiesOfInvestments,growthOtherInvestingActivites,growthNetCashUsedForInvestingActivites,growthDebtRepayment,growthCommonStockIssued,growthCommonStockRepurchased,growthDividendsPaid,growthOtherFinancingActivites,growthNetCashUsedProvidedByFinancingActivities,growthEffectOfForexChangesOnCash,growthNetChangeInCash,growthCashAtEndOfPeriod,growthCashAtBeginningOfPeriod,growthOperatingCashFlow,growthCapitalExpenditure,growthFreeCashFlow,growthRevenue,growthCostOfRevenue,growthGrossProfit,growthGrossProfitRatio,growthResearchAndDevelopmentExpenses,growthGeneralAndAdministrativeExpenses,growthSellingAndMarketingExpenses,growthOtherExpenses,growthOperatingExpenses,growthCostAndExpenses,growthInterestExpense,growthDepreciationAndAmortization_y,growthEBITDA,growthEBITDARatio,growthOperatingIncome,growthOperatingIncomeRatio,growthTotalOtherIncomeExpensesNet,growthIncomeBeforeTax,growthIncomeBeforeTaxRatio,growthIncomeTaxExpense,growthNetIncome_y,growthNetIncomeRatio,growthEPS,growthEPSDiluted,growthWeightedAverageShsOut,growthWeightedAverageShsOutDil,growthCashAndCashEquivalents,growthShortTermInvestments,growthCashAndShortTermInvestments,growthNetReceivables,growthInventory_y,growthOtherCurrentAssets,growthTotalCurrentAssets,growthPropertyPlantEquipmentNet,growthGoodwill,growthIntangibleAssets,growthGoodwillAndIntangibleAssets,growthLongTermInvestments,growthTaxAssets,growthOtherNonCurrentAssets,growthTotalNonCurrentAssets,growthOtherAssets,growthTotalAssets,growthAccountPayables,growthShortTermDebt,growthTaxPayables,growthDeferredRevenue,growthOtherCurrentLiabilities,growthTotalCurrentLiabilities,growthLongTermDebt,growthDeferredRevenueNonCurrent,growthDeferrredTaxLiabilitiesNonCurrent,growthOtherNonCurrentLiabilities,growthTotalNonCurrentLiabilities,growthOtherLiabilities,growthTotalLiabilities,growthCommonStock,growthRetainedEarnings,growthAccumulatedOtherComprehensiveIncomeLoss,growthOthertotalStockholdersEquity,growthTotalStockholdersEquity,growthTotalLiabilitiesAndStockholdersEquity,growthTotalInvestments,growthTotalDebt,growthNetDebt
1101.TW,2023-10-30,2023,Q3,-0.024069075295784965,-0.03508896804288351,-0.181536721282471,-0.181536721282471,-0.6479732211600494,-0.6222222222222222,-0.6046511627906977,-0.06816440888760252,-0.10957932408586295,0.0,0.20810757628831764,5.780635487598728,-0.3839968614254693,-0.29943938030512235,-0.21911238392756852,-0.12787681766646009,0.4390214200036367,2.104029397618463,-0.7617361443829193,-0.8246962626502672,-0.8561632278102875,0.43252649351942374,0.09066222765997638,-0.00871244866246702,-1.0,-1.0,-1.0,0.04423404109666176,-0.07311337162501547,0.03632325262514007,0.11378691973116635,0.05300116137362892,0.05954158073822241,0.033141813024644376,1.7311906964357329,1.5777098618662313,0.768615565169676,129.49453588997054,56.996592743292716,186.49112863326326,47.64851283069321,138.84261580257004,0.21386894809266754,0.19770183961784282,0.12136291536426184,0.04617548591151129,0.3004827167625295,0.0026364938920356465,0.00560635406458399,0.014101163290375385,0.38047442888891536,0.6138684172026728,0.19770183961784282,0.3492289612262192,0.7426154910335696,0.31928399990773537,0.42614994234506315,5.97848334035138,0.039739417057305305,2.1264430316033476,0.6950100201638746,1.8888312489372325,1.5790417579056264,0.1775174516228283,0.05709726362356229,0.8948575282371812,0.1936033697771716,14.99612236089701,0.0,0.24306165406026814,0.21635105440590002,0.039739417057305305,0.10787245551529363,-1.2760815995763,-1.2760815995763,0.0,1.0915901149891079,1.0915901149891079,8.990638727981361,48.67647059096808,170.96809853101496,36.98912838695689,36.98912838695689,-0.782300420211987,8.990638727981361,0.0,43.59977602965646,1.0915901149891079,-0.43321375814033447,0.025546501043132098,0,0,11.813888575328127,0,0.02596774717180128,0,1.0761794833415848,1.0492356415947193,0.20810757628831764,0.015310632322931027,1.0189970010986074,1.505572515420318,-0.8589830853532306,4.699612897433124,1.307573701693897,0.4357180362682367,0,0,0.0,-0.23094104238066115,2.033140736684725,6.460262870594098,2.085235149569829,0.3748977028710396,-0.2567558850856155,0.20810757628831764,0.015310632322931027,5.780635487598728,-0.024069075295784965,-0.021027396034659696,-0.03508896804288351,-0.011291672793171918,0.05954158073822241,0.025526883486666995,0.10729022732865173,-0.6046242292081843,0.03664945676058868,-0.014816546868283178,0.05872742039708088,0.025546501043132098,-0.12762051705057617,-0.10610529802848674,-0.181536721282471,-0.16135122088500575,-1.783266316866816,-0.43321375814033447,-0.41923528845437574,-0.3748595393270839,-0.6479732211600494,-0.6392912962143935,-0.6222222222222222,-0.6046511627906977,-0.06816440888760252,-0.10957932408586295,0.3748977028710396,-0.22964575931149223,0.0848176326330741,0.04423404109666176,-0.07311337162501547,0.06325781601197111,0.060014085792067934,0.010455993404767952,0,0,0.01867076292242593,0.33759358083104374,-0.12878656677420575,-0.04046786869963638,0.02424768225328126,0,0.03632325262514007,-0.05976821550805794,0.0862916444954947,0.46089838104553216,-0.06167484024429793,0.24602734779545074,0.030436687061848797,0.03450966962240394,8.898091663433451e-05,-0.01049182976511815,0.346007468757813,0.02907840124220936,0,0.029639508403395583,0.0,0.018448376033024332,0,0.09387067520083742,0.03786629272094791,0.03632325262514007,0.04221056337956558,0.05300116137362892,-0.1100682489439946
1101.TW,2023-07-30,2023,Q2,0.0521872796355664,1.4238243559405983,2.241177473207058,2.241177473207058,2.5220227038594176,2.214285714285714,2.3076923076923075,0.10254343676410581,0.08903740589229305,0.0,-0.31736249828638435,2.167191514739406,-0.38401407472757715,-0.3900004229551758,-0.2370386819977554,-0.42493456693637094,-0.5278814084824202,-0.5784441371575516,-0.1260321599026458,-0.6316812232730129,-0.6250244575078818,0.34400834775967293,0.04064988979064058,-0.016633031502916,0.0,-1.0,0.0,-0.04894822409754242,-0.08049377578418931,-0.011495153818024545,-0.11688002004648398,-0.023537300032598442,0.049258942933626274,0.15074223946307008,1.6828855671050558,1.5138239558553022,0.5760498944348729,121.02432709674869,60.19949053842582,181.2238176351745,49.61179727203683,131.61202036313767,0.216311466409756,0.2357385409597039,0.20897088438072792,0.12801322902987475,0.27243392564015334,0.007761511595011132,0.016528986595466526,0.017880088616004673,0.6125888274303567,0.8864519290311907,0.2357385409597039,0.3436977149547882,0.731941820074292,0.31998846821149435,0.42261339935939374,7.733498141462287,0.03463735608894727,2.129609212474908,0.7436521413422331,1.8140846522149188,1.4950292634545184,0.18379740654349314,0.06063054306051298,0.6902200682725211,0.026606136083795202,12.881354546793958,0.0,0.1963495548434194,0.03854732324776486,0.03463735608894727,0.0969954575216652,-1.0400927931034285,-1.0400927931034285,0.0,1.397617644330273,1.397617644330273,10.824229698928828,21.138888888590476,1430.121227680814,55.12734524690266,55.12734524690266,0.09546594981944087,10.824229698928828,0.0,45.76687203254521,1.397617644330273,2.9043149081396376,0.011996011907857793,0,0,-0.9825311361385362,0,2.9577960751356964,0,-1.1970064074961921,-1.0024305497247834,-0.31736249828638435,0.358146663887843,0.02970884639097441,-0.2961915885757601,0.0,-0.7704984442350525,-0.038105995109192776,-1.4822263584192021,0,1,0.0,2.3920786656237447,0.2831081392654284,1.4719959518931398,-0.018640798846649632,-0.2567558850856155,-0.20131453085952314,-0.31736249828638435,0.358146663887843,2.167191514739406,0.0521872796355664,-0.08995888143674736,1.4238243559405983,1.3036054537672037,0.049258942933626274,0.20233547384351097,-0.18837974751606348,18.530898160884405,0.13614200353081035,-0.07002976135120806,0.01705124417405775,0.011996011907857793,1.0598390939216764,0.9576734428246014,2.241177473207058,2.080418796229174,-0.39347266542236137,2.9043149081396376,2.7106653759707062,2.314446232995613,2.5220227038594176,2.3473344225305546,2.214285714285714,2.3076923076923075,0.10254343676410581,0.08903740589229305,-0.2567558850856155,0.28630689167874973,-0.06793937622637332,-0.04894822409754242,-0.08049377578418931,-0.16001179359145895,-0.06528136262260982,0.02483829586910865,0,0,-0.0058147272501603555,-0.15904581257370776,2.4241679324192367,-0.9755128336002311,0.018374122832170436,0,-0.011495153818024545,-0.16740380390398765,0.3233297305358563,0.24791845837258325,0.0,-0.9774179397220167,0.23153008159598482,-0.1476371648370273,0.0,0.031208046689159472,-0.923489765215542,-0.11653475576357014,0,0.00024761772870363644,0.0,-0.005510203342627651,0,-0.06895477930204681,-0.026321862227002325,-0.011495153818024545,0.025920368085408978,-0.023537300032598442,0.1610181507732262
1101.TW,2023-04-30,2023,Q1,-0.24121645657516455,-0.5235581253371842,-0.571776096176562,-0.571776096176562,-0.5956646012529185,-0.611111111111111,-0.6388888888888888,0.04034454556019243,0.10223491552642217,-1.0,1.6275849704730454,0.9393188048222436,-0.2332503390366558,-0.12099897560898855,0.056488076775726155,1.4606845262118895,1.8805335587785204,-0.07646617699769859,-0.4995893720973374,-0.7240204256141389,-0.7040097118744169,0.4344899640704292,0.18950538947166554,0.011025044614312907,0.0,-1.0,0.0,-0.07090544714911924,-0.01968604062901259,0.001821594350462295,-0.029153031340809505,-0.03206982753786341,1.3721641144591683,-0.2719377437193741,2.2172706490464664,1.9894905646760686,0.9544949758242713,133.89413775797766,59.579816061874766,193.47395381985243,54.22649742465472,139.2474563951977,0.09390126509696615,0.0765280815901199,0.056316283786741285,0.03824333416780978,0.3209187184184635,0.0021783765950625002,0.004569508558225092,0.005195801206570022,0.6790812815815365,0.7358904419996849,0.0765280815901199,0.3479363388543377,0.7298545539444643,0.3496094618288277,0.42191671680155357,2.4266995471893784,0.04954618836709475,2.097666936278292,0.6721728188181086,1.6597052045460055,1.5105786816550977,0.1790200514231993,0.05696094868464909,1.1147902133803362,-0.025132482841421635,15.2374776382019,0.0,0.30264452721940344,-0.022544585106477888,0.04954618836709475,0.1880309422543217,-0.9779524673693027,-0.9779524673693027,0.0,1.1807414455713052,1.1807414455713052,9.881913797379054,64.59892954166683,-1448.32487222504,32.651883343706125,32.651883343706125,-1.0570733925000029,9.881913797379054,0.0,81.64224304278473,1.1807414455713052,-0.6108467070459895,-0.0210710445514906,0,-1,7.328125620382229,0,-0.7500748580301185,0,3.601357923070039,0.3910792929018995,1.6275849704730454,-0.35958110578729535,-3.401496322597007,0.0,1.0,-0.00759703108805882,-2.3273538273795835,0.6018576095401079,-1,0,1.0,-0.5955220356538001,-1.8250283419836504,0.5998095121318354,-1.74101926284385,-0.20131453085952314,-0.06842001790902802,1.6275849704730454,-0.35958110578729535,0.9393188048222436,-0.24121645657516455,-0.1915681564542268,-0.5235581253371842,-0.37209777563578544,1.3721641144591683,-0.31133956070398744,0.1669064361294486,-0.8663648432447153,-0.1913003358179083,-0.19154455717570648,-0.04887495727613267,-0.0210710445514906,-0.3898867669619756,-0.19593243942489,-0.571776096176562,-0.4356441865373115,0.40545716510206453,-0.6108467070459895,-0.4871353015660649,-0.6048551979652634,-0.5956646012529185,-0.467126820690783,-0.611111111111111,-0.6388888888888888,0.04034454556019243,0.10223491552642217,-0.20131453085952314,0.3752606737230778,-0.06502559991655045,-0.07090544714911924,-0.01968604062901259,0.0696973553405006,-0.06144964490001706,0.04993768307706967,0,0,0.015760130695323914,-0.0929663660868747,0.0,1.0715783003315762,0.04078561970722552,0,0.001821594350462295,0.04853970127695385,-0.10697873106108718,0.23891998540469983,0.0,0.2503882958400799,-0.011559138523236142,-0.0021225653104707583,0.0,0.008160658684684127,0.003307196926240083,-0.0006549588026426421,0,-0.004340238141834677,0.0,0.021150682226686267,0,0.009963170272791635,0.010015348418235984,0.001821594350462295,0.05641413211819755,-0.03206982753786341,0.16294206813553688
1101.TW,2023-01-31,2022,Q4,0.11349599698435589,1.0219705620841797,0.48292135086743837,0.48292135086743837,0.6475128855138407,0.6363636363636362,0.6363636363636362,0.0,0.0,-0.9995314237788757,1.6277000278494258,0.4279917926224916,-0.18469037949969264,-0.007393967037430245,-0.09618458354310438,-0.6824874791894259,-0.5119722331453177,-0.7512152541915398,0.05021382097605097,-0.20938901795794598,-0.6480620367213082,0.5969349141838641,0.3438624283518405,0.03339269960276392,-0.9990250044945835,-0.9564278608005533,-0.09144599418409119,0.05547670616244187,-0.09007669435819139,0.004524111607530191,0.08182534643719602,-0.0835223340189211,-0.2366173167412654,0.5452625753149535,2.3351340698572947,2.1067802804625075,1.181268312286078,109.35019259349545,49.133463903671284,158.48365649716675,41.80902948038642,116.67462701678033,0.14954759111544483,0.13560253970408517,0.10980729223656381,0.07176817241861695,0.31605268600280706,0.005397362487488606,0.011414468762411667,0.012187143371925616,0.6535829356761014,0.8097731242806196,0.13560253970408517,0.36011909499303335,0.7615883072657192,0.3523635718864753,0.4323304736552391,5.389924966566423,0.018251455686462446,2.114823451059857,0.8230438178977064,2.1526450414789244,1.831745471405185,0.24771214352809814,0.07520551667396937,0.4413809376163857,-0.43088211041107666,16.954717420695033,0.0012399719679488958,0.08739648359319489,-0.9762136823080616,0.018251455686462446,0.06390492887524162,-0.50601815428789,-0.5062790132838235,0.0012399719679488958,1.0597154634694161,1.0597154634694161,6.6629331316229266,23.209916412384963,-78.09560709748826,76.2380001767226,76.2380001767226,0.36472725790890664,6.6629331316229266,1.3356058095142887e-05,43.89518015877992,1.0597154634694161,0.8092385239927486,0.10120536427012931,0,0,0.1621092673245493,0,0.4837826908911085,0,-0.11217240938040379,-0.12284185608613307,1.6277000278494258,0.05317643299557789,0.0,-1.0,0.7418203646056518,0.08934631525493923,0.470756259412253,-8.509748802267648,0,0,0.9995314237788758,1.163009233245383,-2.401074083828904,-1.6719107126584853,-0.27193640092849686,-0.06842001790902802,-0.051046137391103696,1.6277000278494258,0.05317643299557789,0.4279917926224916,0.11349599698435589,0.031963335699006286,1.0219705620841797,0.8158759140165274,-0.2366173167412654,0.5948769519956514,0.14763381629094724,38.91559112028911,0.4713494752841339,0.059852178836364636,0.07291159054327441,0.10120536427012931,0.3305852307484596,0.19496184510912515,0.48292135086743837,0.3317707067869993,0.16113818345949893,0.8092385239927486,0.6248271453355903,1.587972396935001,0.6475128855138407,0.47958581790300625,0.6363636363636362,0.6363636363636362,0.0,0.0,-0.06842001790902802,0.11946881022682379,-0.029934748521697786,0.05547670616244187,-0.09007669435819139,-0.0027699455391185833,-0.0166456124580384,0.020680068385411848,0,0,-0.004194962573218973,0.008493468121795071,0.0,0.03229923054514316,0.01802054943992591,0,0.004524111607530191,-0.015483362233001651,-0.03580401484839196,0.21512651711406366,0.0,0.05237081359785175,-0.01663689249280656,-0.10130335219637202,0.0,0.012304252025154158,-0.002695997086288799,-0.082559738797019,0,-0.06129156647131914,0.0623498620887854,0.035045837868402444,0,0.1479583748253117,0.08182534643719595,0.004524111607530191,0.041430323006834295,-0.0835223340189211,-0.10032792036153781
1101.TW,2022-10-30,2022,Q3,0.23612846268382193,22.238472139114037,7.563692916343511,7.563692916343511,2.60478040639301,2.571428571428571,2.571428571428571,0.019283979627608656,0.019283979627608656,0.0,5.1852224368564,0.22647709872944308,-0.2223215931542964,-0.0038509622460631936,-0.07228717294034268,-0.9000277715966999,-0.6562775729823204,-0.7620751938466777,-0.4461273769867714,-0.4335393628038021,-0.7877331431725197,0.5433555132744982,0.32458435881442765,0.00791567642296492,-0.39194999955938153,-0.12870179961602676,-0.6437233466272595,0.06540547485657243,-0.03472836225825954,0.01428202155122226,-0.014064989196707458,0.05505878950901865,0.374355931439559,-0.11698631475903083,2.335154776825361,2.0897347502049213,1.2469306991355895,115.3611453586983,55.72330435993794,171.08444971863622,43.82392726523806,127.26052245339815,0.0823556223756577,0.10182123620587658,0.06758090695265076,0.04850558281010889,0.2209508477775406,0.0032908882263930268,0.007495213987016076,0.008290310903153233,0.7177409270948875,0.6637211398220124,0.10182123620587658,0.39471590787052857,0.8989913938254818,0.3957497253117329,0.4734046698413313,3.8996761125631902,0.006365662492295981,2.277565651395944,0.7801586896537687,2.0536726308276263,1.615123170346394,0.22706399329759638,0.06784555582552827,0.16797234575425365,-0.7532795943375464,17.47791439272502,4.359738507366983,0.03703452966477949,-4.484545303901435,0.006365662492295981,0.0234489763671144,-0.18233052050616652,4.433095517393896,4.359738507366983,1.1515374215652818,1.1515374215652818,7.452221358513995,38.40909090654665,-44.87045746901533,201.2235993265818,201.2235993265818,-0.14936868685879257,7.452221358513995,0.028376996203676653,60.23190699388537,1.1515374215652818,5.838005750431282,-0.02125383784728972,0,0,-1.7449460654012772,0,1.156807738893132,0,-1.2873183694274242,0.41137230864706126,5.1852224368564,0.013326788428942004,0.0,0.0,-3.3977250937245684,-0.18243699677305591,-6.7633076475936384,0.855637511816008,0,0,0.0,-0.6484376546280728,-0.6440916704422768,4.041559039831526,-3.0877988587540224,-0.051046137391103696,0.02506251095466588,5.1852224368564,0.013326788428942004,0.22647709872944308,0.23612846268382193,0.13931740795415265,22.238472139114037,17.799398816410392,0.374355931439559,-0.13597783348609685,0.07182548870439585,0.9861381462185836,-0.08610008512840318,0.12175551448138994,0.23093375665735597,-0.02125383784728972,1.092404882986165,0.6927082795130497,7.563692916343511,5.9278341005409345,-0.3241355916197709,5.838005750431282,4.91383734955434,-0.08149575563527121,2.60478040639301,2.2982310923304,2.571428571428571,2.571428571428571,0.019283979627608656,0.019283979627608656,-0.051046137391103696,-0.016016754401821657,-0.04407567044326835,0.06540547485657243,-0.03472836225825954,0.10069004051976237,-0.01985323239359397,0.04846569867530462,0,0,0.00936706347189178,0.08936907155152517,0.0,-0.022246543483456026,0.03731372779542305,0,0.01428202155122226,0.045266143590160644,-0.08592470994728417,-0.4165104202783364,0.0,-0.321569276104395,-0.11949531388849145,0.1193927511606672,0.0,-0.002502894444031857,0.005388426209827042,0.09646310462071477,0,0.016063564427186806,-0.02892805270310465,0.024052128354004575,0,-0.00748739977442748,0.004947761465769432,0.01428202155122226,0.05580805516448868,0.05505878950901865,0.2049868304336235
1101.TW,2022-07-30,2022,Q2,0.09595297809067602,-0.9447504734865088,-0.8054632358430159,-0.8054632358430159,-2.0983168827772367,-2.076923076923077,-2.166666666666667,0.0007179326055234183,-0.01947492598930754,0.0,-1.1210820373845254,-0.9824445235552391,-0.3599593806122187,-0.16554430163409137,-0.24574978887602328,-1.0716269012589417,-1.070302831133189,-1.031043098014364,-1.2878321545972145,-1.3584324943953756,-1.1222611879175808,0.6039747463576349,0.5461965135732988,0.023494369797998314,0.0,0.0,-1.0,-0.0852114668710119,0.35173410551775236,-0.0012456146843648733,-0.06759038316506595,0.029760312380421115,-0.029705423644817583,0.20182268014270455,2.0977620819090137,1.8754896135860462,1.1569880972155213,133.84687673478493,65.77063720066612,199.61751393545103,47.76712947643236,151.85038445901867,0.004380758264621106,0.014697412600997075,-0.01726717307244035,-0.03736282626070322,-1.1638067855089131,-0.002079966049976553,-0.004693663063153125,0.0010126874218077929,2.163806785508913,-1.1748444124967234,0.014697412600997075,0.3794606072706658,0.8562929362659816,0.37027033274537996,0.46129192194657276,0.5605342244142436,-0.0016047290830710033,2.2566056129647096,0.6724101614887384,1.8841408513861972,1.3683917904795437,0.19259228758464608,0.05566939811949348,-0.04090858338616299,-0.9926090377252939,18.636368577488064,0.0,-0.010938352001937577,24.264077500689897,-0.0016047290830710033,-0.005121383677353349,0.04298472612852777,0.04298472612852777,0.0,1.2062159015015859,1.2062159015015859,9.601804508401496,-64.24704358152574,-36.17738569285336,-877.810890223744,-877.810890223744,0.3093376172443832,9.601804508401496,0.0,124.13997674569688,1.2062159015015859,-1.3709119699414134,0.10636815618341797,0,0,0.6046544393516236,0,-20.892288163507967,0,9.08342047391803,-0.9771712948815224,-1.1210820373845254,-0.13492511678691957,1.0,0.0,-0.5379531299869369,2.8967640787253743,-2.966466921953014,-0.852665199188069,0,0,0.0,0.9259527194860544,1.5996027294846438,-1.3780075682554263,-0.6448437906971971,0.02506251095466588,0.07592544504813122,-1.1210820373845254,-0.13492511678691957,-0.9824445235552391,0.09595297809067602,0.19499525673234147,-0.9447504734865088,-0.9495876848335855,-0.029705423644817583,0.2446949483125843,-0.10474676984730187,-1.5466739566247494,0.18406217120673904,0.19413623166430333,0.25696768911483026,0.10636815618341797,-0.344644904384483,-0.40202261536631956,-0.8054632358430159,-0.8224953369739878,-0.10232093083776769,-1.3709119699414134,-1.3384378508688668,0.6031590120562095,-2.0983168827772367,-2.0021569420901955,-2.076923076923077,-2.166666666666667,0.0007179326055234183,-0.01947492598930754,0.02506251095466588,-0.09838657364747912,-0.002125218235427891,-0.0852114668710119,0.35173410551775236,0.20811784833361663,0.006528504174776003,0.027397494317009555,0,0,-0.024789121250473136,-0.028051113843850246,0.0,-0.048818420988849164,-0.0064234639037202765,0,-0.0012456146843648733,-0.428053712475363,-0.2670242032183442,-0.28750083137761645,0.0,0.518083730244974,-0.20788950889560576,0.2631479415505984,0.0,0.013600908941095217,6.976577769786171,0.3633464012179584,0,0.07478682241569759,0.13250388474954589,-0.1646899490046742,0,-0.10622115906372323,-0.06692097589943662,-0.0012456146843648733,-0.051612068348340694,0.029760312380421115,0.03647227159034546
1101.TW,2022-04-30,2022,Q1,-0.2376904391781225,-0.7280394440420417,-0.7515575277296163,-0.7515575277296163,-0.8419676977963828,-0.8243243243243243,-0.8333333333333334,0.0,0.0,-1.0,-0.6542709137670013,-0.1824302400184654,-0.3533385446409096,-0.19067227208050222,-0.14986085418090891,-0.6250302907418219,0.20521336969720447,-0.5643384269316416,-0.5646765435482651,-0.23211004022143933,-0.796636872127583,0.6216948433220401,0.4872465348083372,0.038200264453200634,0.0,0.0,-1.0,-0.01993918610013975,0.010415052036117622,0.025252664537906113,0.05046735424703526,0.015029169902016533,-0.5417554452734158,-0.3008327230084712,1.6508815657272145,1.5198385516893407,0.8940551430700565,160.35387180016104,58.14427494744269,218.49814674760373,99.8021919140396,118.69595483356413,0.08689857396758809,0.08280014926788784,0.051020218503428805,0.037282410342960516,0.2692620408817936,0.001891416991122643,0.00398751819178951,0.005542879025575314,0.7307379591182064,0.6161851029804343,0.08280014926788784,0.3680351058490814,0.7758980101576298,0.3028148156226559,0.436904600218996,3.6218008034881284,0.013647658707800506,2.1082173896633627,0.5612586649118229,0.9017838012768066,1.547873803248077,0.18054500297445716,0.05073215421759262,0.3381009592860857,-0.5010589967665928,18.689467431133473,0.0,0.0990065885153308,-1.481980405570572,0.013647658707800506,0.031002536483684843,-0.40290406715363014,-0.40290406715363014,0.0,1.4209708464964623,1.4209708464964623,13.285762129824931,89.08867484431222,-90.54821945674914,134.19068699420626,134.19068699420626,-1.0807478587670662,13.285762129824931,0.0,97.20815201358012,1.4209708464964623,-0.825903156959137,0.20615214478584412,0,0,-0.5118817520669041,0,1.111784870411599,0,-0.8433849052848947,0.5175904944878623,-0.6542709137670013,0.40132257168578417,-13.293478260869565,1.0,17.12968361674814,-0.7237750772120609,1.081454103484531,-0.14187047658423985,-1,-1,1.0,261.3153936449006,-0.9434121066107808,20.575490251165927,-0.7779917057761812,0.07592544504813122,0.5197423617937441,-0.6542709137670013,0.40132257168578417,-0.1824302400184654,-0.2376904391781225,-0.07979148473622313,-0.7280394440420417,-0.6432413155984923,-0.5417554452734158,-0.3312007858114505,0.035333432120465795,-2.633157228960488,-0.32793725794307405,-0.10573485875117887,0.1285591805423943,0.20615214478584412,-0.5652835871273192,-0.42973768765785975,-0.7515575277296163,-0.6740924093169175,0.20985560637314637,-0.825903156959137,-0.7716192319500287,-0.8218257713986342,-0.8419676977963828,-0.7926927457019413,-0.8243243243243243,-0.8333333333333334,0.0,0.0,0.07592544504813122,0.2439418807977199,0.10891175428872801,-0.01993918610013975,0.010415052036117622,0.029698644074626263,0.06896318341579549,0.0520396694107736,0,0,0.028652308512201484,-0.18951509329683536,-1.0,29.07978854500724,-0.001929415897391148,0,0.025252664537906113,1.3208240268875677,0.16994646781386338,-0.15492188726376785,-1.0,69.85394871348718,0.23644879314407113,-0.0806967028284005,-1.0,0.012809421225519202,0.8459693045028578,-0.15642557700442364,0,0.004863354878593048,0.0,0.016234384672557906,0,0.1355286154486917,0.050467354247035294,0.025252664537906113,-0.08240916154947782,0.015029169902016533,-0.06091073995823692
1101.TW,2022-01-31,2021,Q4,0.12109563210769426,0.41826049558367445,0.9855994265600319,0.9855994265600319,0.3602303334635049,0.37037037037037024,0.3333333333333332,-0.08827094874606871,-0.06949487019718985,-0.9981498009029036,217.53246968942037,0.037584240189111245,-0.266188440982411,-0.15300202240638305,-0.19053033386478327,8.180392236180797,0.013831651462495764,-0.1939483815958326,1.0232039723052089,1.2312331263991325,-0.028874855328097866,0.5763823105123628,0.428969994042229,0.05697189426106764,-0.9924044934559995,23.112437505902786,1.2342306387604212,-0.0015047193688455455,0.19342192602347247,0.10041321948472566,0.11183822147955742,0.23060211661281332,4.152173164940294,0.8722531032749944,1.9095423970024885,1.7493554480806235,1.0274442413654128,124.72622908128892,52.9533450760218,177.67957415731073,39.57164600904833,138.1079281482624,0.2435780200696454,0.25406020495439174,0.22339980255274508,0.17984132015177795,0.2631001780461797,0.012270784408381367,0.026505705647089987,0.021690081987222363,0.8050200496901384,0.879318359177303,0.25406020495439174,0.37174199924883494,0.8029872973744234,0.33168912922203375,0.4453649221731973,16.452165000290083,0.04006828537402524,2.1600661184288823,0.7215803817923776,2.2743557338863507,1.699609342352077,0.2491645323695433,0.06823117400397961,0.9779361145744846,-0.42375353725625964,16.853881617587476,0.006540996963734562,0.21830291987272907,-0.43331413058678325,0.04006828537402524,0.10491251530949593,-0.6976837656589703,-0.7003166206241123,0.006540996963734562,1.43576608575641,1.43576608575641,9.741678706068782,13.542047369657936,-102.98439107449683,44.62459188245487,44.62459188245487,0.3656352789807644,9.741678706068782,0.00012075347222588735,41.44551840555892,1.43576608575641,0.2887942000343422,-0.18436148667972263,0,0,1.4451530394958554,0,-2.3699446457052753,0,2.188943739819937,-0.14398228896811757,217.53246968942037,-2.1514438847245025,1.0008565140606336,-2.6193389521259145,1.0436599465801994,3.3541428049993076,0.34176391663830175,-1.054093426103804,0,0,0.9983131197325735,-1.0021783286566444,5.258160282314344,-1.3843360267784837,5.367632620917371,0.5197423617937441,-0.10634386836130048,217.53246968942037,-2.1514438847245025,0.037584240189111245,0.12109563210769426,0.050235478011333094,0.41826049558367445,0.26506647167871783,4.152173164940294,0.9348141387114117,0.37875233365035754,2.7502344238383,1.0166892842611093,0.10563062842977138,0.13169707993696866,-0.18436148667972263,0.23783549622427483,0.10413015692970753,0.9855994265600319,0.7711240417531106,-2.1055922024808766,0.43496135794943497,0.27996338329770304,0.7879072640596249,0.3602303334635049,0.21330446285403357,0.37037037037037024,0.3333333333333332,-0.08827094874606871,-0.06949487019718985,0.5197423617937441,0.027066375255999017,0.38893649263442903,-0.0015047193688455455,0.19342192602347247,0.31696873512667306,0.2516728728722159,0.05197262437153871,0,0,0.11879963052034054,-0.036166635842071686,0.0050578585223511234,-0.15941614870360715,0.02349738938211361,0,0.10041321948472566,0.21127652632087784,0.22703791268049994,0.16814348128680312,0.13121370679555458,0.010605677609381354,0.20655134434380762,0.2328148640505639,0.06287745478748315,0.026674286800744056,0.1606320504053412,0.1906164827476763,0,0.19710710545034624,0.00016878938463198208,0.07715101581123626,0,-0.036428442040880527,0.013695206817415243,0.10041321948472566,-0.021277396927871516,0.23060211661281332,-0.005378252001265839
1101.TW,2021-10-30,2021,Q3,-0.03945870664287548,-0.398780973409181,-0.4525650823297452,-0.4525650823297452,-0.47106925018305895,-0.4757281553398058,-0.47058823529411764,0.0062806924548308345,-0.002624446457376921,0.0,-0.9942535504201561,-3.437569331748921,-0.40356109908450916,-0.18348157152532513,-0.3067620222870174,-0.9970762977270354,-0.9950596097199375,-0.9934389451780723,0.054511576065954435,0.16529045356084252,-0.4431528342639961,0.46325252956971436,0.3020057120286039,-0.01671067391872772,0.0,1.8789932902757722,1.0734178609536764,-0.09936298063232624,0.24182019302814098,0.03500475523049246,-0.07595093726284016,0.19535386517562842,0.0,-0.19384713490565977,1.8407053441191437,1.679605363642895,0.8157068341469227,140.0407526652598,46.60001669612445,186.64076936138423,34.310535752096825,152.3302336092874,0.19254167709517855,0.14344574351544961,0.17453608870241735,0.1482243951884706,0.2111622880868242,0.009926946226855483,0.019753056601343102,0.011760651220273699,0.849247833444876,1.2167394056110084,0.14344574351544961,0.3324143561015874,0.6614521164031354,0.28982110385843346,0.3981168700998184,9.376950275275762,0.00022563290874074083,1.9898422082618854,0.6426700677275529,2.623100981292599,1.9313297801347131,0.23380188050890252,0.0669724185025896,0.004080001325181178,-0.40143608056050856,11.063265727869037,5.274388854366086,0.0011199180162723473,-98.39116425842883,0.00022563290874074083,0.0005890732575455676,-0.010061256525780111,0.0016703149496600197,5.2743888543660855,1.6962022862871935,1.6962022862871935,12.728083712630339,21.46759259237708,-115.51029477782737,11365.192387024746,11365.192387024746,-0.45125755857445704,12.728083712630339,0.06142268668074788,58.15368078270407,1.6962022862871935,-0.49409481113099435,0.19394000194598737,0,0,-2.0286019570940734,0,0.6278153184865118,0,-8.735913347315954,0.42286829071157606,-0.9942535504201561,0.2563660696644767,-88.06478477179321,-0.3980271139539806,-2.7476032372762527,-2.0860984789800328,-6.0484860288946285,0.10231371832794153,0,-1,0.0,4.603962931638338,3.438839759625592,1.529722092996652,-2.4076543464159057,-0.10634386836130048,0.08172059639470461,-0.9942535504201561,0.2563660696644767,-3.437569331748921,-0.03945870664287548,0.12018242775564028,-0.398780973409181,-0.37408310210664053,0.0,-0.18077385982433228,-0.2839811947014255,-1.1742168816848104,-0.15671167334493272,0.09948962135867022,0.0937681197967923,0.19394000194598737,-0.3716602267788847,-0.3458482446448562,-0.4525650823297452,-0.430076643854786,-0.6966302575883907,-0.5211838132129256,-0.5015142086565733,-0.5178122794636556,-0.47106925018305895,-0.4493409563822435,-0.4757281553398058,-0.47058823529411764,0.0062806924548308345,-0.002624446457376921,-0.06072463776516199,0.5421973403396525,0.04806155895940643,-0.09936298063232624,0.24182019302814098,0.13235597886300388,0.01036339237506328,0.0534466736466876,0,0,0.27873757480675426,-0.09238898659001998,0.1439364194301187,1.3423072378196075,0.04800171411651955,0,0.03500475523049246,0.12892159664887043,0.1809394788857121,-0.21283014521516475,-0.32528932800915017,2.8886680770134836,0.030684168777230608,0.20448106997627954,1.3848695167100329,-0.005819244796858918,0.0932679390175558,0.24423719632700713,0,0.14740188456903547,0.00010129695374274526,-0.20169579520438122,0,0.031308329543342235,-0.07014726928661338,0.03500475523049246,0.004984013176975415,0.19535386517562842,0.5374503599273459
1101.TW,2021-07-30,2021,Q2,0.2699044344651599,0.5582054864937265,0.6740776637189679,0.6740776637189679,1.2697050353512862,0.9807692307692307,1.04,0.13964898553303468,0.09963793238228935,0.0,-0.2646616767198291,-0.7085410334127796,-0.39838193508657765,-0.16078587499683858,-0.3377087068516072,-0.31891115940793485,-0.13427856550974215,-0.5112988465316168,0.888536639651642,1.5864334144364958,-0.15913663824829147,0.5301530648753119,0.45838579740985963,0.13084420551757373,0.0,0.0,-1.0,-0.02867670004892549,0.16327665141455436,-0.005812554271744019,-0.09662670560344001,-0.004348412445047647,0.0,0.1880890998311652,1.877726243730513,1.7433585049249873,0.8950901451500292,149.35531495500274,42.03548962175327,191.390804576756,34.044932217143774,157.34587235961223,0.30761540031570395,0.2516930425068335,0.3501325247683532,0.2691763568495238,0.20968580755748614,0.019424918201992842,0.034725592390028,0.022256125150305592,0.7687842111429385,1.3911092705665358,0.2516930425068335,0.28782308678231894,0.514536385075592,0.2395713611164382,0.33973194051056815,18.73502939064287,0.046935271218613565,1.7876828117847845,0.6025898711881454,2.6435652574064843,2.141047976598926,0.25641564294818026,0.07216428080588017,0.7144631657642466,0.16572138968984657,10.62222977484765,0.0,0.1871986319304651,0.23195232117050815,0.046935271218613565,0.12105907415101017,-1.3020025026623407,-1.3020025026623407,0.0,1.5673741328563089,1.5673741328563089,12.149542451681771,11.283998522271466,279.8069705231358,64.90187629252931,64.90187629252931,0.1150525339525718,12.149542451681771,0.0,34.094625071272496,1.5673741328563089,1.1303860112718749,-0.09184127102606772,0,0,-1.513440570216945,0,-4.329577278771488,0,-0.8508591470002185,-1.5144668397494951,-0.2646616767198291,-0.36157803995350546,0.2715670054360671,0.2357773889632315,-0.30146504793977685,-0.20064252230069607,-0.5236889345454017,0.16087803274647164,0,2,0.0,-0.24463357478623093,-0.20977571950168822,-14.151721747168938,-0.5214377916940783,0.08172059639470461,0.2059274883022788,-0.2646616767198291,-0.36157803995350546,-0.7085410334127796,0.2699044344651599,0.1734449589809416,0.5582054864937265,0.2270257856834745,0.0,0.19460220568569767,0.14504707445272338,6.96706435285611,0.1880890998311652,0.17452685002576546,-0.10030917374990428,-0.09184127102606772,0.6009379442050016,0.26067592239859744,0.6740776637189679,0.3182705864738174,3.2546899831196128,1.0182411263435174,0.589285832537322,0.8449162328204999,1.2697050353512862,0.7873038112208627,0.9807692307692307,1.04,0.13964898553303468,0.09963793238228935,0.08271300616862301,-0.09481378034946569,0.045708939305946335,-0.02867670004892549,0.16327665141455436,-0.15652540278895316,0.024519467135527162,0.07995589221298077,0,0,-0.008107640538089786,-0.060187547359020876,-0.15079052092962342,-0.09577797104038634,-0.021098667760542627,0,-0.005812554271744019,0.13436156686112735,0.08403682464721145,-0.2389269936244028,-0.12827986222868099,-0.989746343778491,-0.04467562087847709,-0.053227487117800586,-0.00021561529014782395,-0.0004208459242680999,0.020439753451079234,-0.0426631104274078,0,-0.04357673009457878,0.02788776582452702,0.1143037198294446,0,-0.05919075810177996,0.029528458516675127,-0.005812554271744019,-0.06567176429919457,-0.004348412445047647,-0.10092740034535784
1101.TW,2021-04-30,2021,Q1,-0.313869754432293,-0.4674131260583362,-0.5052821275388445,-0.5052821275388445,-0.5040438895457192,-0.5,-0.494949494949495,0.0,0.0,-1.0,-0.35363283261545586,-0.35524755310895234,-0.3218003743286485,-0.02999018431743091,-0.18265332502006357,0.8153227562776995,-0.008941843955439815,1.8611692121685264,0.9614916322460355,10.716467610524242,0.010593826091294173,0.6455102011904682,0.5261833018285698,0.2636215135124739,0.0,0.0,-1.0,0.12428091352607386,-0.020379500500833883,0.001454870160281593,0.03252891113328017,-0.08193496984321282,-1.0,-0.29186778805447816,1.7509063668330922,1.6382337665232474,0.7897766373003844,195.26657785502738,42.40292567976914,237.66950353479652,35.217919273834156,202.45158426096236,0.2507000292045632,0.19092669219025693,0.22030808908317456,0.15060470144460036,0.22938522242610976,0.008508598919211815,0.015751379605522472,0.013339566362324397,0.6836094946461155,1.153888367078812,0.19092669219025693,0.28739983247798767,0.5320433954999138,0.25516855491578594,0.3472769747010366,10.068669117084003,0.06355058049018593,1.8512307084961979,0.46090836941291147,2.55551724394085,2.122495053282135,0.21806175090182692,0.05649623708687266,1.1072960517436705,0.6479958940794498,11.576465431230423,0.0,0.3232857112000861,0.5852056395026821,0.06355058049018593,0.17846546301571112,-2.410833162729237,-2.410833162729237,0.0,1.2992789171789436,1.2992789171789436,12.422880935863764,20.62166854139261,65.66399631350596,38.42694095494703,38.42694095494703,-0.4124333708278522,12.422880935863764,0.0,46.014620897725685,1.2992789171789436,-0.4694603129429664,-0.03133911615909221,0,0,0.3293276358423422,0,-1.5228169730220034,0,1.2219286118363137,-0.0999435509088406,-0.35363283261545586,0.35134092813241563,-489.1923076923077,0.41130934694722815,19.3901509554556,5.657201745877789,2.648145818399007,-0.43638930614845267,0,0,1.0,0.5164413074106887,-0.16390701362171156,-1.0407709449304858,0.4873005677862403,0.2059274883022788,0.16070845532763225,-0.35363283261545586,0.35134092813241563,-0.35524755310895234,-0.313869754432293,-0.24062144389338963,-0.4674131260583362,-0.22378166929898824,-1.0,-0.23744023204695325,-0.5188280448793665,1.1958174635762526,-0.2950503400151879,-0.24492848618165733,-0.11565581749693148,-0.03133911615909221,-0.3891780975494173,-0.10975808686262255,-0.5052821275388445,-0.27897381633719104,0.026389833383266042,-0.46856909866077046,-0.22546644057604756,-0.39825660715414596,-0.5040438895457192,-0.27716914746845894,-0.5,-0.494949494949495,0.0,0.0,0.14630569145157898,-0.28518259017352604,0.018193680948391414,0.12428091352607386,-0.020379500500833883,-0.07976019904703463,0.05148282261491391,-0.04261626436360702,0,0,-0.004013144578091552,0.07432640029644594,-0.0976382128180539,-0.46530340060999964,-0.021995364088965314,0,0.001454870160281593,0.05274243455094769,-0.03194340434222529,-0.0908717980155583,0.19657491947229652,-0.07168548307540225,0.03534438201153261,-0.10742577621652746,-0.0008360695489805639,-0.005809208058007856,-0.024151503544470976,-0.08908918032138281,0,-0.036521088592659706,0.025332003936694755,0.03998937028135412,0,0.03152065185843435,0.0325289111332801,0.001454870160281593,-0.004937319814107807,-0.08193496984321282,-0.24802791859671744
1101.TW,2021-01-31,2020,Q4,0.07749754341531812,-0.0170663256048325,-0.06043412909379462,-0.06043412909379462,-0.10445367578199544,-0.11864406779661009,-0.11607142857142866,0.017640828187620423,0.0067881572620201915,-0.9999689387032819,5.047152426007845,14.990452309143542,-0.16028707779409623,0.020215698085356643,-0.018866794593947866,0.42714138010641184,0.7121738743576992,0.894154598779982,0.981047825502896,1.940729610042637,1.2687355041401167,0.677241870357161,0.47353939416191526,0.3423135288157695,-0.9998709592492955,-0.9945862536303417,-0.9922098112880382,-0.01805007947732521,-0.0609457001290264,0.02662105164965636,0.03687452612738788,-0.025107188223584827,-0.12025979467839933,0.24669008321789254,1.7240329859318746,1.604374451865915,0.7133270039316147,119.167997431034,32.86974138848797,152.03773881952196,25.403870699532515,126.63386811998944,0.3229761772551673,0.2647985558844288,0.28443969457225915,0.20835400271847365,0.2025820257556768,0.017180911065054167,0.03279273002209805,0.026795630940910465,0.7325067727688174,1.0741738889860213,0.2647985558844288,0.31350498326809845,0.5983782954213613,0.2838229130050449,0.3743658789258134,17.998478435687986,0.0902638137241483,1.9086723572417645,0.7552363213293538,3.5427672052218475,2.7380805627975175,0.30426988902823765,0.08246019198521895,1.7131068959214406,1.0050305310263525,11.36961036769309,7.725559438093314e-05,0.3431735329500122,0.586671230744051,0.0902638137241483,0.26728565014920486,-2.419381553817663,-2.419656138317396,7.725559438093315e-05,1.2384444378774753,1.2384444378774753,7.868660389126492,9.441455751342783,39.08338979502112,22.929100392694526,22.929100392694526,-0.7957798418988924,7.868660389126492,2.0456483728673326e-06,27.805032421946333,1.2384444378774753,-0.144412376030941,0.04330703857242855,0,0,1.2761093289000853,0,4.077658320775859,0,1.19191683733379,0.45134000963116566,5.047152426007845,-0.9938602138443446,1.5098039215686274,-0.5044474041750049,-0.7637800963993903,-0.6278255454805938,-3.7143841272766154,0.7960192249115232,0,0,0.9999683907562833,-0.834885857906792,0.9137999176832686,4.615057503951537,1.484657096220605,0.16070845532763225,-0.24901926503838237,5.047152426007845,-0.9938602138443446,14.990452309143542,0.07749754341531812,0.12932832766050753,-0.0170663256048325,-0.08776249150963757,-0.12025979467839933,0.23577046938960408,0.29438406774661213,-1.8878929404295708,0.24435738482858557,0.13765019494756536,-0.0012955640141772322,0.04330703857242855,-0.10297287792598808,-0.16749033218664533,-0.06043412909379462,-0.12801112486312605,-0.6119791218172826,-0.144412376030941,-0.20594935064664344,-0.11753015497921325,-0.10445367578199544,-0.16886462566453886,-0.11864406779661009,-0.11607142857142866,0.017640828187620423,0.0067881572620201915,0.16070845532763225,0.2174040010259501,0.17698286318433398,-0.01805007947732521,-0.0609457001290264,0.08338373350808903,0.08516266942194428,0.03652686482510039,0,0,0.012856375233094896,-0.09541528637126484,0.07006143984469779,0.28443379401647245,0.0013007501328342844,0,0.02662105164965636,-0.05028757952302586,0.0010311331424514394,0.3620058279907765,0.13035236243384432,-0.0539959641953665,0.02445964131406264,-0.037916613972137386,0.0010074964296832919,0.01018593646184702,0.2679344748026015,-0.028366520004984512,0,-0.006729043281818753,0.011992578744765192,0.10069182342355654,0,0.04795762360811105,0.05516585149492149,0.02662105164965636,-0.04109009059169416,-0.025107188223584827,-0.12682952881343842
